Bruno Rovira - brudarov
David Accurso - DavidAccurso
Ezequiel Marti - marti-ezequiel
Federico Molinero - fedemolinero
Federico Figueredo - FedeFigueredo
Juan Cid - JuanCruzC88551
Leonardo Valentini - leonardovalentini
Manuel Nicolas Fabri - manufabri91
Maria Delfina Caffa - delficaffa
Mariano Demarchi - mariano-j-demarchi
Matias Pinazo - MatiPS91
Pablo Diaz - darwinrd
Yamir Tomas - yrtomas